{
  "last": "",
  "backgroundType": "DEFAULT",
  "commonDirType": "DEFAULT",
  "commonpath": "",
  "hasProxy": false,
  "hasProxyAuth": false,
  "proxyType": "HTTP",
  "proxyPort": 0,
  "x": 0.0,
  "y": 0.0,
  "width": 0.0,
  "height": 0.0,
  "localization": "def",
  "autoDownloadThreads": true,
  "downloadThreads": 64,
  "downloadType": "bmclapi",
  "autoChooseDownloadType": true,
  "versionListSource": "balanced",
  "configurations": {},
  "accounts": [],
  "fontSize": 12.0,
  "titleTransparent": false,
  "authlibInjectorServers": [
  "addedLittleSkin": false,
  "_version": 0,
  "uiVersion": 0,
  "preferredLoginType": "offline",
  "animationDisabled": false,
  "shownTips": {}
}